stage,requested_rate,direct_achieved_rate,gateway_epp_achieved_rate,direct_prefix_cache_hit_percent,gateway_epp_prefix_cache_hit_percent,direct_ntpot_p90_ms,gateway_epp_ntpot_p90_ms,direct_output_tokens_per_sec,gateway_epp_output_tokens_per_sec,direct_ttft_p90_ms,gateway_epp_ttft_p90_ms,direct_itl_p90_ms,gateway_epp_itl_p90_ms,direct_average_input_tokens,gateway_epp_average_input_tokens,direct_average_output_tokens,gateway_epp_average_output_tokens,direct_request_latency_p90_ms,gateway_epp_request_latency_p90_ms,direct_request_latency_p95_ms,gateway_epp_request_latency_p95_ms,direct_failed_requests,gateway_epp_failed_requests,direct_successful_requests,gateway_epp_successful_requests
0,15.0,8.333355282835136,12.030947538793075,,,90.16291191468153,45.661993258470545,5111.3452903545885,6969.613957626709,26965.390053398845,9638.855035599408,31.2050503998762,36.513435999950154,7579.971962616823,7581.812,970.082777036048,1022.0146666666667,65839.19942919897,43570.465252699796,74872.55333980283,45333.725780854365,1,0,749,750
1,3.0,3.085127226021755,3.000173357967195,,,65.49372028695322,18.44390118376199,1420.0423055870706,1699.1879936504574,617.7968638992752,254.3559087025642,17.82165670010727,17.910488801135216,7580.866666666667,7582.866666666667,857.9166666666666,1047.4166666666667,20658.8644219024,18193.742653202207,21302.89552435279,18350.10513485213,0,0,60,60
2,10.0,10.242960249996244,9.684681377867705,,,41.60123000338783,21.872080432857302,3931.006686365148,5011.034162812385,1144.5630415029882,298.22447070109774,28.223248803260507,22.7879345024121,7580.645,7581.56,932.615,1006.575,33583.67563269785,21077.424936804164,35699.845363500935,21174.264751099327,0,0,200,200
3,15.0,15.765288414962582,15.304688035837177,,,68.84055557148804,26.40221828144366,3653.5128789984005,6738.649092972321,7741.555137997058,433.7042269995436,30.28503460081993,30.33865580218845,7580.48,7582.806666666666,961.9066666666666,982.42,53004.97417580336,25468.156255195936,61395.215818253935,25955.984839601297,0,0,300,300
4,20.0,10.376891546702709,11.839512432462215,,,83.55592111024403,38.200264214204736,5274.677647421142,7600.593520489856,17366.622791196278,5935.561540598431,30.891450597846415,31.619545997091333,7579.809210526316,7582.026315789473,964.9526315789474,1017.0960526315789,59533.400387399895,35877.8385970043,73396.79070189994,36832.67636404962,0,0,760,760
5,22.0,10.644772258184728,12.99171470449032,,,81.7171844017344,39.552255734984605,5377.936066204473,7780.550607187843,17914.821059501264,5407.40531220072,30.748435204441193,37.29895669675897,7580.0,7581.800802139038,975.9048257372655,1014.0989304812834,59632.68954849991,37998.57404560098,63492.79850700077,39049.902561002455,2,0,746,748
6,25.0,10.699432137745404,12.317933722908732,,,82.81127136580122,45.4583511181356,5241.237111292402,7488.12019837628,18922.995205999232,7340.236895201816,30.94716760024312,37.251393101905705,7580.078771695594,7581.812,965.2229639519359,1015.592,59361.22040539777,42845.525927302515,68912.55857999936,44857.2228172965,1,0,749,750
7,30.0,11.06114508008513,13.787250522971986,,,78.89563814008598,41.15057108835481,5438.660916938782,7932.809950182341,14892.492696303818,7964.91595870466,30.770475503231864,36.89902019686997,7579.985333333333,7581.812,981.8906666666667,1018.1333333333333,58624.964110795554,39561.06582319917,69398.60834774867,40657.93263184605,0,0,750,750
8,35.0,10.974939902142584,13.462506215276903,,,78.51943685297957,41.99395239526554,5338.940007818619,7862.448853878293,25075.815092000994,7863.7687162015945,30.848400204558857,36.67601770139298,7579.839017735334,7581.832653061225,975.7489768076398,1012.4149659863946,59659.83896799882,39224.29686279647,74421.8116588017,40852.74265060143,2,0,733,735
9,40.0,7.260573951434841,9.544612774089362,,,92.00620932975336,50.869897176990584,5439.907813203217,8477.271396267488,30357.50154419803,9041.044770799639,30.98147920172778,48.67397580019316,7579.839603960396,7581.886184210526,966.9425742574257,1009.8210526315789,74037.00433120104,45803.43343010245,79072.99014470044,49218.2650600509,5,0,1515,1520
10,43.0,7.85587620269103,9.81166129471521,,,95.65441979629921,51.88151537220195,5495.297398921575,8299.095082651049,34170.78868899989,8931.159755800038,31.082950597192394,48.96964660292722,7580.080801551389,7581.90174531351,979.1990950226244,1000.8442146089205,79910.8190065992,45707.017406199884,92552.7172046015,48321.07208499874,1,1,1547,1547
11,46.0,7.16262820524799,9.542040420218415,,,132.0517446036054,50.769586238887946,4371.1018454165605,8349.86890687551,58084.59723099804,8579.908740203242,31.005445801565656,49.12785059859743,7579.927440633245,7581.87417654809,971.0996042216359,1016.1567852437418,98420.10446699715,46433.70823500154,118988.9498327484,49718.01029474954,2,0,1516,1518
12,49.0,7.403223811869951,9.216436265286141,,,104.29969375019834,48.36647162800058,5175.631506987602,8489.758472344049,49159.425957001804,7882.009336198828,30.860855803621234,49.583211094432045,7580.010884353742,7581.85850340136,969.1625850340137,1018.3292517006803,91770.75181920156,44291.83751479941,99278.75739084846,47357.04968050158,0,0,1470,1470
13,52.0,7.519894726364928,9.627098221775116,,,103.8444560523738,50.56349899270942,5351.128079856773,8387.54618470699,51579.77599500009,9067.14188879705,30.754130999412155,48.58075929660119,7579.859229747676,7581.877984084881,975.0099601593625,1015.7440318302388,94061.21037150297,45990.47310259848,99410.05924675119,48676.384025650616,2,0,1506,1508
14,55.0,8.045465297750539,9.697441572208922,,,91.98351373286285,47.40573154597699,6126.692842038047,8454.583812452405,29085.93233640132,8950.501814394374,31.091521502094114,48.232339197420515,7579.917845117845,7581.822222222222,979.5521885521886,1024.626936026936,74561.6076463979,44734.295950995875,84718.7151303966,47588.80924480181,0,0,1485,1485
15,57.0,7.871792149978371,9.608025794591518,15.311,94.825,118.09341697231778,47.59141063370116,4518.980221238496,8668.445652226404,52768.1270214016,9007.925942996375,30.766539402247872,47.86954249939302,7579.965470548409,7581.82995951417,980.5267433987813,1020.1153846153846,98384.55110279757,44628.547326105036,113013.55792140093,47499.841548500626,5,0,1477,1482
16,60.0,7.7699090402025375,9.651758381499638,14.496,94.651,83.55223948207423,50.260581324689596,5748.75602222914,8456.864167397749,26379.206535799312,9701.147481000235,31.02874709875323,48.501007596496514,7579.97198132088,7581.812,977.5096731154102,1008.2906666666667,68341.68303600163,45395.567178003694,77704.26406069526,48479.37582014747,1,0,1499,1500
